"Timestamp","Transaction_ID","Amount"
"2022-01-01 00:46:25.159218",114,35.87
"2022-01-01 11:51:47.454110",2155,29.48
"2022-01-01 14:22:19.932727",2636,23.45
"2022-01-01 15:41:22.262666",2874,20.97
"2022-01-02 18:30:50.353956",7599,22.29
"2022-01-02 21:30:30.426450",8142,17.69
"2022-01-03 05:01:15.009984",9523,8.94
"2022-01-03 07:50:31.330635",10034,19.0
"2022-01-03 11:03:36.318161",10576,26.4
"2022-01-03 17:45:27.137173",11786,10.6
"2022-01-03 17:56:46.635915",11831,31.74
"2022-01-04 08:44:50.029830",14483,16.5
"2022-01-04 19:31:48.235808",16515,12.07
"2022-01-04 19:49:25.375986",16527,11.55
"2022-01-07 07:35:45.772036",16940,39.4
"2022-01-05 01:09:55.948181",17498,20.13
"2022-01-05 08:19:58.304447",18764,15.96
"2022-01-07 10:13:23.943812",27594,26.59
"2022-01-11 10:32:19.377313",32152,14.4
"2022-01-11 23:38:21.486769",34443,7.56
"2022-01-08 23:47:06.506090",34484,37.81
"2022-01-09 19:02:17.677186",37896,18.07
"2022-01-09 21:01:15.326974",38244,21.68
"2022-01-10 01:30:52.229027",39109,32.01
"2022-01-10 06:51:32.454462",40049,23.75
"2022-01-10 22:56:22.072433",42989,14.25
"2022-01-11 02:25:20.219694",43479,20.65
"2022-01-11 08:17:12.048836",44646,21.95
"2022-01-11 13:44:39.624621",45620,20.47
"2022-01-11 17:41:24.959265",46337,7.34
"2022-01-12 06:03:13.849564",48330,43.0
"2022-01-13 01:39:23.283517",51960,33.83
"2022-01-13 19:05:35.817384",52164,17.8
"2022-01-13 05:22:15.790405",52727,3.87
"2022-01-13 10:42:06.451518",53682,21.09
"2022-01-13 16:11:56.573712",54694,14.77
"2022-01-13 18:44:51.791638",55127,16.81
"2022-01-13 20:23:26.229856",55306,21.71
"2022-01-13 19:59:44.692411",55343,24.5
"2022-01-14 04:44:34.441166",56916,24.64
"2022-01-17 10:57:23.630208",58046,26.05
"2022-01-14 19:21:48.110597",59516,19.49
"2022-01-14 20:20:42.571712",59736,20.68
"2022-01-15 00:54:56.660903",60525,36.85
"2022-01-15 01:40:23.051043",60635,42.65
"2022-01-18 07:55:40.080307",61747,0.01
"2022-01-18 14:57:29.162404",63009,37.94
"2022-01-15 16:54:19.978182",63386,3.06
"2022-01-15 21:19:19.470734",64176,32.77
"2022-01-16 02:35:29.102240",64639,33.24
"2022-01-16 06:10:26.960519",65807,22.0
"2022-01-16 11:00:47.798304",65984,35.97
"2022-01-19 08:00:50.445864",66124,37.25
"2022-01-16 11:05:14.166421",66658,17.42
"2022-01-16 14:09:20.617661",67190,25.21
"2022-01-16 16:22:56.319480",67386,21.36
"2022-01-19 15:55:20.001312",67524,33.2
"2022-01-16 20:15:40.092842",68315,14.16
"2022-01-17 00:52:24.670318",69157,4.22
"2022-01-17 02:30:19.500833",69458,21.59
"2022-01-17 06:06:51.733072",70079,29.99
"2022-01-17 19:23:20.682943",72468,34.62
"2022-01-17 20:03:06.672114",72601,6.48
"2022-01-17 20:07:56.122494",72613,19.77
"2022-01-17 23:43:41.473715",73231,23.65
"2022-01-18 05:59:06.335810",74419,18.16
"2022-01-21 07:36:44.840665",74698,28.08
"2022-01-21 11:28:03.291645",75432,8.36
"2022-01-22 08:37:13.168035",79287,25.97
"2022-01-19 09:39:50.418886",79482,7.89
"2022-01-22 10:20:25.927332",79599,22.01
"2022-01-21 23:58:25.796210",80868,25.87
"2022-01-23 03:54:37.299883",82798,36.86
"2022-01-23 19:31:23.678032",85621,6.98
"2022-01-20 21:15:49.561946",85916,2.16
"2022-01-21 21:08:33.810176",90234,6.51
"2022-01-22 00:11:22.444980",90784,9.32
"2022-01-22 04:47:46.868111",91643,19.86
"2022-01-22 09:26:20.026018",92506,27.19
"2022-01-24 17:34:42.502591",102729,8.75
"2022-01-26 02:36:45.959070",105864,26.05
"2022-01-26 09:10:27.905990",109785,17.12
"2022-01-26 18:32:16.560715",110169,30.01
"2022-01-28 11:46:15.613207",111756,35.71
"2022-01-27 06:56:46.752784",113676,20.47
"2022-01-27 19:27:54.154062",115971,41.75
"2022-01-28 00:49:09.450734",116940,18.67
"2022-01-31 01:52:33.056851",117131,0.04
"2022-01-28 02:23:06.899999",117222,26.14
"2022-01-28 03:17:48.767583",117373,8.36
"2022-01-29 21:28:31.100153",121757,16.56
"2022-01-29 19:21:18.790694",122611,18.18
"2022-01-29 14:04:39.796345",123714,17.79
"2022-01-30 22:59:28.661983",129662,0.01
"2022-01-31 05:20:11.798730",130782,0.01
"2022-01-31 09:51:46.817306",131615,19.62
"2022-01-31 12:00:23.301387",132001,34.73
"2022-01-31 16:26:39.401676",132757,16.29
"2022-02-01 01:36:08.294193",134400,18.89
"2022-02-01 02:12:39.281854",134475,13.74
"2022-02-01 11:33:37.680873",136170,18.38
"2022-02-01 11:48:44.543605",136214,14.72
"2022-02-01 14:30:41.448903",136677,16.16
"2022-02-02 10:07:50.421722",140172,18.66
"2022-02-02 21:17:10.187598",142144,26.25
"2022-02-03 01:03:01.186792",142819,19.3
"2022-02-03 17:52:30.900818",143771,1.9
"2022-02-03 07:09:58.560271",143923,32.17
"2022-02-03 07:31:14.405266",143982,21.57
"2022-02-03 22:07:15.819578",146621,32.33
"2022-02-04 01:42:17.641777",147233,21.83
"2022-02-07 02:46:42.555622",147455,33.68
"2022-02-04 05:41:30.829322",147901,18.53
"2022-02-07 06:20:40.203307",148121,25.84
"2022-02-05 02:49:24.261953",151850,26.82
"2022-02-05 04:03:16.493503",152077,28.6
"2022-02-05 09:00:07.771843",152953,6.7
"2022-02-05 09:43:23.304117",153090,16.59
"2022-02-05 13:29:55.966713",153775,18.12
"2022-02-05 19:51:21.348381",154914,7.53
"2022-02-08 03:56:15.500199",156310,0.01
"2022-02-06 05:39:24.185235",156716,45.63
"2022-02-06 06:37:05.225695",156896,27.63
"2022-02-07 00:33:58.025055",160120,12.06
"2022-02-10 07:29:45.832129",161340,33.1
"2022-02-10 13:41:31.686781",162463,19.11
"2022-02-07 15:31:40.661813",162833,17.83
"2022-02-07 23:47:39.846413",163598,2.76
"2022-02-07 20:10:35.423954",163651,17.43
"2022-02-09 02:59:51.376920",169288,6.74
"2022-02-09 09:56:40.644556",170505,16.46
"2022-02-13 12:13:41.682818",175309,3.92
"2022-02-10 13:35:27.957369",175566,25.1
"2022-02-11 06:30:40.721129",178682,31.11
"2022-02-12 09:40:36.795484",183515,14.33
"2022-02-12 12:45:08.594846",184110,25.05
"2022-02-12 22:29:19.360980",185845,32.64
"2022-02-16 03:45:24.143784",186915,5.83
"2022-02-13 05:06:58.059391",187106,0.01
"2022-02-16 12:30:59.279157",188453,21.26
"2022-02-13 15:49:45.659957",189007,25.21
"2022-02-14 04:35:35.838001",191216,27.31
"2022-02-14 13:15:02.983580",192793,22.72
"2022-02-14 21:19:55.215188",193962,45.42
"2022-02-18 03:46:32.678665",195319,0.42
"2022-02-15 06:15:00.696996",195705,2.54
"2022-02-18 21:13:13.147291",198436,13.01
"2022-02-18 21:37:42.159303",198486,12.29
"2022-02-16 09:22:46.314783",200584,32.12
"2022-02-16 11:38:19.051350",200991,16.37
"2022-02-19 16:32:03.964440",201830,20.29
"2022-02-16 19:02:48.382742",202324,0.01
"2022-02-17 10:29:54.192861",205109,19.95
"2022-02-17 16:45:53.974970",206241,36.48
"2022-02-17 18:56:01.545963",206641,21.23
"2022-02-20 23:46:59.355328",207481,24.41
"2022-02-18 02:40:31.042142",207619,8.21
"2022-02-19 09:01:05.733418",211969,15.4
"2022-02-19 01:12:44.563445",212152,25.11
"2022-02-19 14:01:54.251893",214105,16.34
"2022-02-22 13:48:35.789138",214393,8.35
"2022-02-19 19:34:04.371497",215458,22.83
"2022-02-20 08:27:00.392953",217732,28.53
"2022-02-20 20:05:39.221016",219871,15.1
"2022-02-23 22:00:55.128233",220215,17.9
"2022-02-21 12:19:01.480593",222687,13.79
"2022-02-21 12:43:21.636485",222743,28.22
"2022-02-21 16:25:39.849513",223399,36.59
"2022-02-22 06:07:39.490488",225820,14.25
"2022-02-26 20:18:29.780965",232671,17.46
"2022-02-26 20:24:19.627271",232682,47.13
"2022-02-27 02:25:44.480822",233787,30.6
"2022-02-24 05:52:30.664860",234186,28.92
"2022-02-27 09:35:07.998680",235083,37.53
"2022-02-25 07:51:20.438256",238719,20.41
"2022-02-28 06:18:00.986648",238755,6.04
"2022-02-25 13:14:00.602632",240102,32.19
"2022-02-27 01:45:11.909227",241924,32.85
"2022-03-01 19:49:11.817714",245614,12.06
"2022-02-27 01:46:53.944404",246674,36.1
"2022-03-02 08:25:11.543618",247876,24.19
"2022-02-27 20:01:45.007699",249962,33.0
"2022-02-27 21:36:13.911330",250254,19.22
"2022-02-28 05:32:23.049041",251687,20.63
"2022-02-28 12:23:50.452949",252958,16.29
"2022-02-28 13:56:13.234439",253202,20.09
"2022-03-01 05:17:55.542558",255700,23.18
"2022-03-01 13:44:34.748455",257421,14.14
"2022-03-04 03:23:38.837651",258186,26.56
"2022-03-01 22:58:18.187158",259086,10.74
"2022-03-02 06:48:50.085778",260565,26.2
"2022-03-02 08:52:37.203127",260934,15.44
"2022-03-03 05:43:16.088180",262277,17.46
"2022-03-06 00:04:29.235570",263632,6.27
"2022-03-03 20:31:12.340589",267172,26.0
"2022-03-07 04:06:16.458121",268690,27.37
"2022-03-04 04:13:30.817968",268718,13.67
"2022-03-04 04:56:00.428960",268785,11.01
"2022-03-05 01:19:17.222057",272478,33.12
"2022-03-06 01:47:24.636996",276285,36.76
"2022-03-06 10:26:03.747873",278493,19.12
"2022-03-09 10:36:48.839217",278523,4.64
"2022-03-06 18:07:50.119677",279871,14.44
"2022-03-07 10:45:39.832069",282882,5.56
"2022-03-07 13:12:53.531972",283318,10.78
"2022-03-07 23:17:48.199865",285115,14.59
"2022-03-11 12:01:19.830823",287357,21.21
"2022-03-08 22:11:48.209759",289201,17.62
"2022-03-09 01:07:39.449380",289729,16.67
"2022-03-09 13:49:36.367515",291985,26.11
"2022-03-09 17:05:49.226140",292559,22.91
"2022-03-10 03:55:30.020086",294592,9.33
"2022-03-13 05:18:42.372264",294840,21.06
"2022-03-10 09:43:41.797261",295598,24.22
"2022-03-10 21:09:57.406644",297729,23.85
"2022-03-12 14:55:51.207308",302074,20.2
"2022-03-12 15:50:19.761422",304170,21.65
"2022-03-12 13:52:56.688261",305102,33.97
"2022-03-15 18:19:08.023787",305918,19.01
"2022-03-13 23:25:59.988575",309964,31.48
"2022-03-14 01:21:52.324577",311537,22.86
"2022-03-14 16:08:19.617917",314261,29.02
"2022-03-14 19:42:00.110464",314924,31.06
"2022-03-18 11:16:48.104621",317627,1.48
"2022-03-18 19:20:07.035269",319075,30.76
"2022-03-18 21:22:43.450866",319427,0.01
"2022-03-16 03:19:05.125199",320510,17.42
"2022-03-16 05:34:44.686354",320835,10.5
"2022-03-16 17:06:46.459158",322954,22.08
"2022-03-16 18:01:43.849396",323124,15.97
"2022-03-16 20:36:06.943864",323515,12.23
"2022-03-17 04:03:09.476068",324939,15.17
"2022-03-17 07:39:28.676338",325562,8.88
"2022-03-20 07:57:22.055791",325623,16.14
"2022-03-17 23:12:13.403657",327076,1.25
"2022-03-18 00:10:23.783277",327370,25.35
"2022-03-21 03:52:28.246978",329232,26.0
"2022-03-18 11:35:07.799242",330581,14.4
"2022-03-18 14:49:48.255006",331208,24.37
"2022-03-18 23:19:11.962765",332766,19.61
"2022-03-19 05:57:28.424187",333963,17.12
"2022-03-19 07:42:04.128871",334321,14.47
"2022-03-19 07:54:51.144612",334349,13.97
"2022-03-19 13:04:10.015908",335250,34.96
"2022-03-19 20:13:01.009890",336300,36.37
"2022-03-23 04:58:49.612246",338094,26.16
"2022-03-23 07:59:31.639468",338633,23.56
"2022-03-20 08:02:19.553432",338640,30.96
"2022-03-20 08:39:21.930193",338761,12.44
"2022-03-20 16:11:21.899286",340109,5.25
"2022-03-21 01:59:35.881510",341810,10.84
"2022-03-24 07:37:25.741979",342868,16.93
"2022-03-21 19:27:20.848066",344114,20.44
"2022-03-21 17:16:29.163263",344634,12.69
"2022-03-21 22:48:01.666969",345515,19.7
"2022-03-25 08:29:30.291494",347434,19.01
"2022-03-22 11:15:16.689488",347912,29.81
"2022-03-22 12:39:16.978117",348184,27.22
"2022-03-22 17:18:59.940561",348969,26.63
"2022-03-22 18:36:10.357199",349205,37.23
"2022-03-22 19:36:01.522802",349383,24.93
"2022-03-22 23:58:44.594583",350217,27.7
"2022-03-23 11:44:23.071746",352343,15.01
"2022-03-23 22:35:04.761162",353984,18.79
"2022-03-27 02:57:11.774557",355139,41.03
"2022-03-24 18:46:38.498229",357938,15.93
"2022-03-25 06:56:26.617562",360096,16.04
"2022-03-26 07:14:16.466391",363545,22.25
"2022-03-30 08:08:32.064372",368941,21.07
"2022-03-27 16:44:44.844516",370488,27.52
"2022-03-28 12:18:09.017160",370559,31.52
"2022-03-27 20:30:47.126459",371159,16.09
"2022-03-28 01:06:15.593118",372010,18.34
"2022-03-29 03:29:54.964668",376762,10.85
"2022-03-29 04:51:33.695378",377021,28.75
"2022-03-29 23:24:41.325108",380385,30.96
"2022-04-02 02:22:38.576739",380914,18.02
"2022-03-30 09:09:08.349837",381920,24.0
"2022-03-30 18:28:39.171628",383788,17.03
"2022-03-31 13:12:11.757695",385998,10.5
"2022-03-31 15:37:47.856310",387574,25.6
"2022-04-03 19:40:51.788114",388370,21.51
"2022-04-01 02:34:21.180849",389607,18.45
"2022-04-02 14:11:29.837832",389927,0.01
"2022-04-03 07:37:50.245051",391630,24.94
"2022-04-02 11:14:49.238200",394695,3.02
"2022-04-02 09:47:24.704585",395257,19.8
"2022-04-02 10:49:44.034066",395461,0.01
"2022-04-05 11:42:07.021733",395601,33.25
"2022-04-05 04:40:19.544354",396694,17.51
"2022-04-02 20:49:20.582296",397250,11.88
"2022-04-04 01:33:46.710919",402442,18.54
"2022-04-04 14:40:24.648898",404844,23.07
"2022-04-05 02:19:17.385458",406993,5.53
"2022-04-08 02:37:38.666417",407031,25.94
"2022-04-08 14:20:07.673271",409414,26.99
"2022-04-08 17:15:26.482871",409645,12.74
"2022-04-06 00:32:58.631587",410738,42.89
"2022-04-06 13:37:34.096109",413272,6.65
"2022-04-08 21:52:53.878880",414546,19.95
"2022-04-06 22:18:08.676875",414855,17.17
"2022-04-06 22:41:26.974109",414906,29.36
"2022-04-10 16:03:35.937376",418037,26.13
"2022-04-07 16:42:40.376575",418167,16.12
"2022-04-07 17:42:44.464747",418324,11.99
"2022-04-08 02:05:44.693726",419834,18.54
"2022-04-11 05:46:50.049798",420487,27.33
"2022-04-08 06:52:29.602625",420677,23.29
"2022-04-09 04:02:55.961092",424502,41.72
"2022-04-09 04:19:06.434549",424559,13.51
"2022-04-09 11:16:46.946310",425790,13.19
"2022-04-10 01:06:39.919891",427173,29.16
"2022-04-10 00:05:16.809983",428152,30.27
"2022-04-10 11:50:50.929446",430115,10.54
"2022-04-10 14:45:50.813908",430701,3.14
"2022-04-10 20:02:11.358649",431559,31.51
"2022-04-11 05:34:17.043175",433401,21.73
"2022-04-11 10:59:34.431593",434392,19.82
"2022-04-14 12:40:05.485651",434683,5.49
"2022-04-12 05:58:42.776684",437719,16.28
"2022-04-12 08:13:07.055870",438217,21.68
"2022-04-12 13:22:39.866380",438628,29.84
"2022-04-14 01:55:46.168698",439419,21.0
"2022-04-15 17:52:53.108910",439928,20.56
"2022-04-13 17:03:05.226744",444159,20.56
"2022-04-14 13:11:42.479274",447308,25.64
"2022-04-14 14:37:07.843056",447794,18.3
"2022-04-15 03:30:20.543034",450280,10.67
"2022-04-17 03:53:51.477854",457359,2.75
"2022-04-17 10:31:11.631203",460322,32.31
"2022-04-17 12:56:57.487861",460756,14.87
"2022-04-20 18:37:55.156382",461778,12.68
"2022-04-17 23:04:54.722252",462571,43.2
"2022-04-18 05:39:50.878562",463735,23.92
"2022-04-18 10:06:08.716263",464009,14.6
"2022-04-18 20:33:35.031685",464233,38.4
"2022-04-19 10:16:27.891860",468899,21.38
"2022-04-20 03:10:16.698316",471980,7.26
"2022-04-22 04:49:58.816390",474342,26.03
"2022-04-23 19:06:29.618816",474917,10.23
"2022-04-21 04:02:25.426316",475298,28.17
"2022-04-21 02:03:21.349760",476177,17.29
"2022-04-21 08:23:39.651265",477219,13.26
"2022-04-24 07:54:08.650548",477249,13.49
"2022-04-21 16:45:14.015770",478648,14.23
"2022-04-21 20:17:22.024971",479503,0.01
"2022-04-22 05:38:57.798694",481189,29.48
"2022-04-22 15:08:55.765774",482886,14.52
"2022-04-26 05:02:18.424440",485378,23.25
"2022-04-23 08:38:16.983996",486024,4.89
"2022-04-26 11:21:52.124022",486531,27.47
"2022-04-23 13:32:29.511564",486920,26.5
"2022-04-26 23:46:56.145641",488739,27.18
"2022-04-27 16:38:31.054577",491771,6.97
"2022-04-24 16:53:26.154965",491795,21.33
"2022-04-25 13:56:03.266209",492352,37.59
"2022-04-25 00:52:22.882568",493215,36.56
"2022-04-25 01:16:34.357035",493302,15.26
"2022-04-28 01:13:02.094139",493304,10.16
"2022-04-25 01:33:21.615411",493334,31.19
"2022-04-25 06:49:03.099679",494326,35.98
"2022-04-25 08:45:09.094364",494637,23.18
"2022-04-25 17:15:26.746236",496162,28.86
"2022-04-26 13:26:18.910220",499767,15.52
"2022-04-27 08:05:01.802665",503096,20.98
"2022-04-27 11:13:45.119950",503366,28.42
"2022-04-27 15:51:24.754371",504491,29.33
"2022-04-27 22:35:16.503391",505610,0.44
"2022-04-28 12:45:34.169360",508221,12.93
"2022-05-01 21:08:07.205071",509705,17.76
"2022-04-29 06:39:16.077394",511403,23.13
"2022-04-29 18:43:36.700966",513601,28.68
"2022-04-30 00:30:40.211444",514628,10.28
"2022-04-30 05:30:09.130140",515563,28.37
"2022-04-30 07:34:36.033472",515954,14.84
"2022-04-30 10:50:30.319793",516541,16.22
"2022-05-03 18:36:05.138217",517931,20.13
"2022-05-01 04:13:08.532957",518384,20.61
"2022-05-01 03:59:51.859526",519563,16.07
"2022-05-01 16:10:13.721871",521705,15.51
"2022-05-01 21:20:04.540233",522653,34.18
"2022-05-02 01:22:13.135396",523391,15.51
"2022-05-02 02:36:24.036182",523626,38.93
"2022-05-03 05:51:00.144123",528487,1.88
"2022-05-03 06:13:55.196248",528546,1.69
"2022-05-06 09:12:38.919542",529061,14.53
"2022-05-03 19:49:56.815803",531019,19.53
"2022-05-03 21:25:57.622836",531182,29.77
"2022-05-04 04:54:26.028070",532614,15.42
"2022-05-04 06:08:53.878668",532820,30.37
"2022-05-07 14:19:30.340301",534332,16.03
"2022-05-04 19:33:38.010855",534402,24.67
"2022-05-04 16:28:43.680483",534742,22.96
"2022-05-05 01:45:17.568959",536427,0.01
"2022-05-05 10:27:52.010819",537984,39.45
"2022-05-05 14:37:32.543456",538746,23.58
"2022-05-05 19:23:25.093595",539581,10.34
"2022-05-05 21:01:57.536793",539889,13.02
"2022-05-06 05:26:55.114631",541377,17.38
"2022-05-06 16:28:02.101905",543394,8.12
"2022-05-06 19:56:16.686935",543557,18.79
"2022-05-09 22:33:02.725490",544477,13.28
"2022-05-07 08:20:12.620741",546118,26.68
"2022-05-07 09:35:09.483852",546453,13.92
"2022-05-08 05:35:29.822209",550062,34.13
"2022-05-08 16:25:06.083743",552023,20.56
"2022-05-10 13:05:34.002849",555877,19.33
"2022-05-09 14:28:42.894837",556003,20.1
"2022-05-09 14:52:04.171229",556068,32.73
"2022-05-09 15:06:34.071013",556124,20.71
"2022-05-09 22:01:10.281797",557340,6.18
"2022-05-10 01:25:55.984176",557912,30.09
"2022-05-13 01:10:26.455503",559414,11.37
"2022-05-10 14:12:04.492698",560220,23.23
"2022-05-10 17:18:57.213104",560548,10.93
"2022-05-11 13:10:23.923841",564185,22.29
"2022-05-12 11:14:36.245929",568343,39.78
"2022-05-12 20:21:28.351643",570033,21.54
"2022-05-16 05:40:14.407721",571635,14.48
"2022-05-13 05:54:20.331229",571688,13.15
"2022-05-13 18:09:23.920671",573915,35.53
"2022-05-14 04:24:08.870434",574858,24.48
"2022-05-14 00:38:12.455735",574911,27.67
"2022-05-14 01:21:19.038260",575137,28.25
"2022-05-14 06:43:44.373651",576162,11.96
"2022-05-14 11:51:54.894252",577119,14.51
"2022-05-14 13:38:50.258322",577455,24.57
"2022-05-14 15:48:06.218170",577835,12.5
"2022-05-14 18:17:26.116635",578279,11.83
"2022-05-15 04:31:07.531880",580119,27.11
"2022-05-16 14:24:53.282548",586176,27.97
"2022-05-17 00:38:18.949810",588036,25.52
"2022-05-17 11:54:30.177051",590071,32.52
"2022-05-17 15:15:49.412025",590688,14.78
"2022-05-17 17:19:13.825333",591060,37.42
"2022-05-17 17:54:03.659300",591160,24.87
"2022-05-17 20:36:38.101404",591661,21.84
"2022-05-18 00:56:34.584481",592430,15.5
"2022-05-21 02:51:00.197253",592764,18.63
"2022-05-19 08:00:20.309276",595397,20.66
"2022-05-18 23:37:21.288598",596500,24.19
"2022-05-19 02:36:52.324842",597017,8.34
"2022-05-19 05:10:39.982005",597479,24.37
"2022-05-19 15:24:12.884467",599256,13.86
"2022-05-22 18:56:10.436244",599915,30.53
"2022-05-21 22:37:04.692698",602093,19.9
"2022-05-20 09:44:51.273990",602588,2.33
"2022-05-21 13:23:14.748211",607517,24.84
"2022-05-22 02:06:56.330248",607538,27.91
"2022-05-21 15:15:09.300960",607870,33.83
"2022-05-25 04:42:42.402393",610284,19.17
"2022-05-22 04:54:34.109342",610328,41.65
"2022-05-25 15:30:16.647276",612213,13.39
"2022-05-22 18:55:26.305685",612809,15.48
"2022-05-23 06:36:41.925793",614923,10.33
"2022-05-26 08:03:56.288286",615181,19.1
"2022-05-23 08:27:30.002354",615257,14.28
"2022-05-23 19:00:48.836307",617165,22.2
"2022-05-23 19:37:15.355809",617275,30.14
"2022-05-24 08:15:55.985918",619508,38.56
"2022-05-24 20:10:20.086979",620426,21.92
"2022-05-24 14:24:24.913484",620594,7.44
"2022-05-24 17:21:34.736968",621117,9.69
"2022-05-24 18:29:03.578425",621305,27.22
"2022-05-24 20:20:31.124954",621620,11.99
"2022-05-25 02:27:22.055029",621764,0.01
"2022-05-27 21:25:37.831091",621833,7.52
"2022-05-27 21:51:44.634618",621949,25.57
"2022-05-25 20:45:07.966978",626065,32.29
"2022-05-26 06:26:11.334550",626747,19.13
"2022-05-26 08:42:25.725807",628250,10.53
"2022-05-29 19:47:58.701428",630252,25.3
"2022-05-27 08:01:50.611841",632437,12.52
"2022-05-30 10:36:06.958601",632907,14.77
"2022-05-28 14:02:42.475926",637067,20.91
"2022-05-28 09:30:06.755707",637085,43.87
"2022-05-28 18:06:15.197348",638690,13.95
"2022-05-28 18:41:38.435159",638781,2.02
"2022-05-28 20:52:53.515085",639202,0.01
"2022-05-29 03:08:20.700518",640331,29.08
"2022-05-29 05:37:44.731704",640804,18.61
"2022-05-29 06:21:04.012408",640961,22.85
"2022-05-29 14:10:20.219886",642377,17.5
"2022-05-29 15:29:12.281966",642585,13.73
"2022-05-29 16:18:43.299653",642757,18.22
"2022-05-29 17:16:55.084158",642927,20.31
"2022-05-30 10:38:42.095353",644429,18.41
"2022-05-30 03:59:56.922399",644864,23.87
"2022-05-30 04:23:45.372586",644928,21.6
"2022-05-30 15:03:05.623769",646875,13.9
"2022-05-31 09:24:44.538080",647398,21.23
"2022-05-31 00:10:56.740868",648467,14.98
"2022-05-31 04:49:21.440308",649065,10.99
"2022-05-31 17:43:57.735315",651608,8.13
"2022-05-31 22:20:44.204497",652425,13.6
"2022-06-01 05:21:04.995137",653729,17.47
"2022-06-01 20:46:01.069256",656462,20.35
"2022-06-01 20:48:35.103495",656464,12.29
"2022-06-05 04:15:19.755370",657762,37.61
"2022-06-02 13:50:56.704370",659302,33.57
"2022-06-02 13:19:51.979096",659407,15.26
"2022-06-03 06:22:28.582233",662443,11.16
"2022-06-03 18:07:59.567629",664581,26.18
"2022-06-04 06:31:26.925358",666827,22.9
"2022-06-04 09:15:34.996911",667292,0.01
"2022-06-04 11:07:41.949520",667623,26.61
"2022-06-05 07:04:48.240917",667913,30.33
"2022-06-04 20:20:45.902214",669324,0.01
"2022-06-07 21:52:15.637053",669601,19.28
"2022-06-06 23:15:42.712752",678449,23.96
"2022-06-07 04:10:56.635697",678690,34.09
"2022-06-07 15:32:59.790103",681364,18.28
"2022-06-11 00:15:13.472560",682939,37.36
"2022-06-08 01:35:13.949577",683149,31.94
"2022-06-08 15:59:49.499280",683405,20.21
"2022-06-08 03:43:20.590454",683576,11.36
"2022-06-08 20:01:22.312853",686402,26.14
"2022-06-09 03:48:10.567425",687798,20.24
"2022-06-09 05:47:30.145482",688175,26.26
"2022-06-09 13:02:21.361118",689404,9.1
"2022-06-09 23:47:56.604954",689488,42.97
"2022-06-09 18:21:23.525770",690394,11.51
"2022-06-09 19:28:41.653077",690599,15.37
"2022-06-10 01:42:59.051888",691683,15.88
"2022-06-10 02:21:47.628976",691809,9.12
"2022-06-11 06:00:14.753188",692878,20.2
"2022-06-11 05:01:10.925665",696650,37.78
"2022-06-11 19:01:11.444859",699227,13.64
"2022-06-12 02:20:29.397436",700503,31.71
"2022-06-12 14:28:58.534964",702651,19.81
"2022-06-12 22:29:15.426509",704127,16.51
"2022-06-13 00:27:07.027012",704502,19.65
"2022-06-16 04:00:21.056492",705134,23.14
"2022-06-13 13:54:51.798555",706888,21.57
"2022-06-13 18:53:08.784756",707791,29.42
"2022-06-15 01:48:54.119731",713346,15.63
"2022-06-15 09:26:22.550392",714651,30.99
"2022-06-15 14:54:34.608104",715704,18.09
"2022-06-16 02:15:16.859302",717775,16.25
"2022-06-16 05:17:57.029090",718081,0.01
"2022-06-16 20:50:52.930713",719946,12.37
"2022-06-16 18:21:54.727970",720678,24.39
"2022-06-16 20:24:31.464776",721037,22.34
"2022-06-17 05:35:39.004931",722651,23.59
"2022-06-17 09:43:25.565581",723360,10.21
"2022-06-17 11:39:49.824341",723709,11.65
"2022-06-17 13:02:34.629231",723979,8.2
"2022-06-17 18:06:29.041729",724903,15.03
"2022-06-17 22:12:11.759669",725678,23.84
"2022-06-18 07:53:23.220326",727452,23.0
"2022-06-18 14:29:47.854314",728518,19.65
"2022-06-18 18:34:37.650903",729398,20.13
"2022-06-18 22:40:39.640915",730079,17.4
"2022-06-19 05:47:32.512070",731428,9.63
"2022-06-19 10:29:05.950714",732279,9.84
"2022-06-20 02:01:26.558301",735041,23.44
"2022-06-20 11:17:27.061318",735284,15.91
"2022-06-20 04:05:25.566367",735412,16.22
"2022-06-20 05:54:50.551997",735719,21.37
"2022-06-21 05:58:41.336441",737343,14.17
"2022-06-23 15:51:45.461178",737511,24.81
"2022-06-21 05:04:41.305298",739942,28.68
"2022-06-21 06:35:10.716058",740209,50.97
"2022-06-24 07:04:41.794048",740278,21.96
"2022-06-21 07:58:22.251567",740352,20.8
"2022-06-21 16:13:15.801436",741908,11.42
"2022-06-21 18:20:54.346041",742257,16.3
"2022-06-21 23:01:29.346854",743087,19.67
"2022-06-22 06:13:09.741397",744379,24.81
"2022-06-22 11:14:41.058803",745253,18.56
"2022-06-22 22:58:38.400189",747410,20.94
"2022-06-23 22:31:04.129673",751627,15.0
"2022-06-24 01:20:17.589159",752138,13.92
"2022-06-24 03:52:06.067200",752594,6.26
"2022-06-24 15:40:14.408990",754736,21.36
"2022-06-24 22:47:12.500755",756001,13.58
"2022-06-25 03:16:23.323261",756823,10.17
"2022-06-26 03:16:04.012460",761162,14.86
"2022-06-26 07:14:31.720704",761861,24.1
"2022-06-26 08:02:36.496536",762052,2.37
"2022-06-26 23:04:02.381188",764756,6.78
"2022-06-27 17:59:09.223890",768262,25.4
"2022-06-28 13:12:59.063390",771763,15.14
"2022-06-28 16:34:02.901791",772363,14.9
"2022-06-29 06:06:44.779644",774819,24.08
"2022-06-29 07:17:25.460786",775041,27.79
"2022-06-29 08:29:26.461121",775268,10.56
"2022-06-29 09:19:05.627041",775395,23.75
"2022-07-02 19:54:59.764259",777224,20.5
"2022-06-30 04:14:37.208941",778763,29.06
"2022-07-03 04:42:40.053177",778865,11.91
"2022-07-03 10:00:19.941324",779800,18.53
"2022-06-30 15:40:43.135314",780760,22.02
"2022-07-04 09:58:34.216775",784088,26.03
"2022-07-01 21:04:06.860052",785908,24.86
"2022-07-01 21:30:11.285530",786136,1.25
"2022-07-02 17:15:57.185665",789802,20.84
"2022-07-05 10:34:00.483285",790753,23.54
"2022-07-03 02:05:07.582975",791414,42.23
"2022-07-04 09:45:53.123702",792589,26.14
"2022-07-03 09:24:26.862128",792717,18.38
"2022-07-03 14:04:53.238803",793454,30.01
"2022-07-03 16:30:49.938132",794002,32.0
"2022-07-03 18:43:15.027687",794345,34.12
"2022-07-04 15:02:12.430663",797789,24.52
"2022-07-04 18:56:05.650887",798725,12.12
"2022-07-07 19:46:03.445552",798872,30.02
"2022-07-04 22:09:41.637945",799288,19.52
"2022-07-05 10:36:49.318976",801530,23.63
"2022-07-08 18:03:27.178420",802811,17.33
"2022-07-08 19:23:10.400090",803039,27.97
"2022-07-05 20:09:03.306229",803174,16.37
"2022-07-06 05:26:24.169417",804875,0.98
"2022-07-08 00:56:09.177627",805480,13.26
"2022-07-06 13:02:00.761615",806294,25.21
"2022-07-06 14:44:14.167328",806606,8.87
"2022-07-06 18:55:58.735873",807353,20.34
"2022-07-07 04:27:57.935917",809094,8.24
"2022-07-07 08:56:22.182766",809929,17.08
"2022-07-07 14:37:08.855053",810961,13.51
"2022-07-08 16:40:33.728178",815643,44.1
"2022-07-09 01:46:50.853343",817258,0.3
"2022-07-12 03:56:27.828300",817637,26.13
"2022-07-09 10:08:04.631765",818749,14.66
"2022-07-10 09:48:09.351747",819932,13.56
"2022-07-09 23:13:11.524064",821163,16.31
"2022-07-10 13:14:58.881943",823680,12.87
"2022-07-10 21:10:27.144416",825170,25.98
"2022-07-11 06:30:12.942910",826909,21.87
"2022-07-12 01:28:06.034040",830002,35.61
"2022-07-12 04:03:56.168486",830281,13.06
"2022-07-12 03:20:01.317278",830618,31.51
"2022-07-12 10:21:30.793873",831067,4.54
"2022-07-12 06:22:50.842584",831194,16.85
"2022-07-12 07:07:10.394848",831339,39.69
"2022-07-12 15:30:17.112791",832847,19.26
"2022-07-12 16:15:52.484828",832982,10.67
"2022-07-17 05:46:08.142653",839770,0.01
"2022-07-14 15:37:31.633024",841561,1.31
"2022-07-14 22:39:29.501396",842835,27.66
"2022-07-15 02:39:39.577270",843084,8.58
"2022-07-15 08:26:21.933089",844622,22.83
"2022-07-16 17:51:41.901032",850504,15.48
"2022-07-16 18:11:14.815922",850540,34.05
"2022-07-19 21:59:10.728910",851241,24.21
"2022-07-17 10:08:31.882436",853405,11.61
"2022-07-20 10:52:35.201481",853509,19.97
"2022-07-20 12:15:02.150045",853777,11.63
"2022-07-18 00:48:20.980605",855997,26.85
"2022-07-18 04:08:55.927477",856605,0.14
"2022-07-18 15:22:03.431421",857565,23.25
"2022-07-18 16:42:19.092714",858845,16.71
"2022-07-18 23:34:40.955144",860116,0.01
"2022-07-19 22:39:46.015354",864302,21.57
"2022-07-20 06:07:48.705232",864764,16.6
"2022-07-20 01:34:00.751798",864860,22.63
"2022-07-23 02:00:54.289257",864945,26.23
"2022-07-23 05:42:55.904506",865598,21.37
"2022-07-23 12:56:26.748346",867194,23.59
"2022-07-20 23:31:11.537471",868798,12.08
"2022-07-21 10:13:55.742739",870778,17.37
"2022-07-21 11:46:58.420730",871024,15.76
"2022-07-21 22:43:04.735641",873008,27.74
"2022-07-22 00:10:03.078649",873266,22.54
"2022-07-22 03:03:33.468827",873502,10.38
"2022-07-22 04:02:07.353652",873590,21.95
"2022-07-22 14:36:49.155847",875864,24.23
"2022-07-23 02:05:30.415847",877940,22.9
"2022-07-23 05:51:32.409315",878610,22.9
"2022-07-26 17:48:11.001429",880747,20.48
"2022-07-26 19:16:41.618453",881017,21.64
"2022-07-23 21:19:09.955532",881387,27.9
"2022-07-24 07:07:35.415213",883190,9.26
"2022-07-25 01:56:30.515456",886560,26.49
"2022-07-25 19:05:09.058702",889616,24.29
"2022-07-25 19:28:22.523093",889685,13.37
"2022-07-25 20:08:09.690209",889838,24.74
"2022-07-26 05:07:32.955311",891361,12.08
"2022-07-26 05:26:44.190038",891498,15.29
"2022-07-26 15:53:38.393155",893360,15.71
"2022-07-27 19:14:26.526765",898297,22.86
"2022-07-28 05:49:14.186323",900211,29.35
"2022-07-29 02:34:57.368823",904013,30.22
"2022-07-29 12:16:43.168487",904636,27.38
"2022-07-29 08:15:22.496302",904976,10.6
"2022-08-02 03:45:06.233510",908612,27.37
"2022-07-30 08:58:53.087649",909522,32.25
"2022-07-30 14:04:15.100408",910433,11.82
"2022-07-30 15:03:09.223771",910618,14.62
"2022-08-03 10:46:32.949492",914184,28.23
"2022-07-31 16:36:58.987636",915035,27.16
"2022-08-01 03:03:27.959589",917124,21.3
"2022-08-01 10:52:34.739152",918532,28.16
"2022-08-04 13:20:20.578218",918983,18.05
"2022-08-02 13:12:32.002074",923234,19.86
"2022-08-02 16:40:12.655122",923866,27.95
"2022-08-02 17:54:00.190704",924083,14.85
"2022-08-02 20:51:16.550854",924574,21.71
"2022-08-03 14:59:26.017207",927860,27.7
"2022-08-03 18:49:21.377412",928531,42.97
"2022-08-03 23:53:00.068203",929402,11.54
"2022-08-04 05:29:19.044393",930387,24.21
"2022-08-05 04:12:12.907349",934499,16.58
"2022-08-06 11:41:47.542515",935429,17.25
"2022-08-05 14:24:44.123176",936377,21.59
"2022-08-05 20:00:10.213616",937429,10.39
"2022-08-06 10:37:43.492897",940111,12.92
"2022-08-09 17:42:55.871191",941379,18.25
"2022-08-07 05:22:51.464333",943523,33.68
"2022-08-08 06:32:55.454523",947121,33.16
"2022-08-08 01:58:18.548064",947240,16.45
"2022-08-08 03:40:27.761391",947486,6.82
"2022-08-11 19:32:45.184571",950459,35.78
"2022-08-09 00:36:11.470061",951417,12.75
"2022-08-09 04:49:05.370037",952104,20.42
"2022-08-09 17:56:40.903407",954439,5.44
"2022-08-09 23:23:12.775640",955467,36.9
"2022-08-10 01:47:21.693410",955877,2.4
"2022-08-10 06:38:49.191127",956770,35.08
"2022-08-11 01:53:14.674493",958258,11.87
"2022-08-11 01:59:43.553509",958867,18.29
"2022-08-10 19:12:01.533660",958951,24.96
"2022-08-10 22:14:29.062909",959485,30.76
"2022-08-14 12:20:39.514768",962031,21.76
"2022-08-12 13:46:02.970744",966609,35.83
"2022-08-12 18:06:21.946836",966804,24.0
"2022-08-13 17:32:47.769566",968227,25.99
"2022-08-13 07:05:28.420448",969786,17.25
"2022-08-13 12:37:12.262606",970763,23.92
"2022-08-14 02:37:17.267799",973256,22.52
"2022-08-16 02:03:51.091565",973876,15.25
"2022-08-14 13:41:31.945081",975247,9.98
"2022-08-14 17:32:07.334470",975908,22.39
"2022-08-14 17:59:29.947782",976018,19.71
"2022-08-15 19:33:06.353857",980697,28.25
"2022-08-18 19:33:27.069768",980716,16.24
"2022-08-15 20:17:26.628742",980848,15.12
"2022-08-16 06:16:01.118062",982676,32.2
"2022-08-16 08:09:45.774645",983026,0.01
"2022-08-16 08:26:32.328430",983073,3.77
"2022-08-16 08:35:40.213855",983101,23.4
"2022-08-19 20:08:03.234561",985172,6.7
"2022-08-17 02:20:13.705253",986264,28.29
"2022-08-20 13:49:50.376541",988316,14.21
"2022-08-18 08:06:14.371546",988645,30.83
"2022-08-18 02:39:26.328370",990659,26.43
"2022-08-20 18:41:53.985158",991516,26.36
"2022-08-18 17:09:19.812680",993273,1.53
"2022-08-18 18:51:33.479066",993562,26.14
"2022-08-19 06:49:19.613903",994603,2.96
"2022-08-19 01:20:32.118060",994741,15.67
"2022-08-19 23:04:50.522938",996603,19.88
"2022-08-20 04:39:05.224857",999715,28.63
